DATE,WILL5000INDFC
6/29/2016,92.69
6/30/2016,93.95
7/1/2016,94.18
7/4/2016,.
7/5/2016,93.44
7/6/2016,93.97
7/7/2016,93.95
7/8/2016,95.44
7/11/2016,95.85
7/12/2016,96.59
7/13/2016,96.54
7/14/2016,96.98
7/15/2016,96.93
7/18/2016,97.18
7/19/2016,97
7/20/2016,97.47
7/21/2016,97.12
7/22/2016,97.61
7/25/2016,97.34
7/26/2016,97.44
7/27/2016,97.28
7/28/2016,97.48
7/29/2016,97.69
8/1/2016,97.51
8/2/2016,96.78
8/3/2016,97.22
8/4/2016,97.27
8/5/2016,98.13
8/8/2016,98.1
8/9/2016,98.14
8/10/2016,97.86
8/11/2016,98.33
8/12/2016,98.3
8/15/2016,98.67
8/16/2016,98.1
8/17/2016,98.22
8/18/2016,98.53
8/19/2016,98.39
8/22/2016,98.38
8/23/2016,98.63
8/24/2016,98.07
8/25/2016,98
8/26/2016,97.83
8/29/2016,98.36
8/30/2016,98.22
8/31/2016,97.99
9/1/2016,98.03
9/2/2016,98.55
9/5/2016,.
9/6/2016,98.83
9/7/2016,98.95
9/8/2016,98.74
9/9/2016,96.25
9/12/2016,97.61
9/13/2016,96.1
9/14/2016,96.05
9/15/2016,97.03
9/16/2016,96.69
9/19/2016,96.79
9/20/2016,96.76
9/21/2016,97.86
9/22/2016,98.61
9/23/2016,98.07
9/26/2016,97.25
9/27/2016,97.79
9/28/2016,98.38
9/29/2016,97.41
9/30/2016,98.21
10/3/2016,97.9
10/4/2016,97.42
10/5/2016,97.89
10/6/2016,97.84
10/7/2016,97.48
10/10/2016,98
10/11/2016,96.76
10/12/2016,96.86
10/13/2016,96.52
10/14/2016,96.5
10/17/2016,96.23
10/18/2016,96.83
10/19/2016,97.1
10/20/2016,96.94
10/21/2016,96.95
10/24/2016,97.46
10/25/2016,97.01
10/26/2016,96.74
10/27/2016,96.33
10/28/2016,96.07
10/31/2016,96.12
11/1/2016,95.41
11/2/2016,94.67
11/3/2016,94.27
11/4/2016,94.19
11/7/2016,96.24
11/8/2016,96.64
11/9/2016,97.96
11/10/2016,98.23
11/11/2016,98.37
11/14/2016,98.63
11/15/2016,99.37
11/16/2016,99.24
11/17/2016,99.75
11/18/2016,99.6
11/21/2016,100.34
11/22/2016,100.68
11/23/2016,100.81
11/24/2016,.
11/25/2016,101.2
11/28/2016,100.56
11/29/2016,100.7
11/30/2016,100.48
12/1/2016,100.05
12/2/2016,100.1
12/5/2016,100.84
12/6/2016,101.31
12/7/2016,102.59
12/8/2016,102.98
12/9/2016,103.43
12/12/2016,103.16
12/13/2016,103.75
12/14/2016,102.84
12/15/2016,103.27
12/16/2016,103.11
12/19/2016,103.36
12/20/2016,103.82
12/21/2016,103.57
12/22/2016,103.29
12/23/2016,103.5
12/26/2016,.
12/27/2016,103.76
12/28/2016,102.87
12/29/2016,102.87
12/30/2016,102.42
1/2/2017,.
1/3/2017,103.27
1/4/2017,104.12
1/5/2017,103.95
1/6/2017,104.24
1/9/2017,103.83
1/10/2017,103.93
1/11/2017,104.23
1/12/2017,103.94
1/13/2017,104.23
1/16/2017,.
1/17/2017,103.8
1/18/2017,104.04
1/19/2017,103.62
1/20/2017,103.97
1/23/2017,103.72
1/24/2017,104.57
1/25/2017,105.4
1/26/2017,105.32
1/27/2017,105.15
1/30/2017,104.42
1/31/2017,104.43
2/1/2017,104.47
2/2/2017,104.5
2/3/2017,105.35
2/6/2017,105.07
2/7/2017,105.03
2/8/2017,105.15
2/9/2017,105.88
2/10/2017,106.29
2/13/2017,106.8
2/14/2017,107.24
2/15/2017,107.77
2/16/2017,107.61
2/17/2017,107.81
2/20/2017,.
2/21/2017,108.47
2/22/2017,108.29
2/23/2017,108.19
2/24/2017,108.34
2/27/2017,108.57
2/28/2017,108.13
3/1/2017,109.63
3/2/2017,108.89
3/3/2017,108.95
3/6/2017,108.55
3/7/2017,108.16
3/8/2017,107.87
3/9/2017,107.85
3/10/2017,108.21
3/13/2017,108.35
3/14/2017,107.96
3/15/2017,108.95
3/16/2017,108.88
3/17/2017,108.8
3/20/2017,108.54
3/21/2017,106.99
3/22/2017,107.15
3/23/2017,107.15
3/24/2017,107.11
3/27/2017,107.03
3/28/2017,107.8
3/29/2017,108.03
3/30/2017,108.4
3/31/2017,108.27
4/3/2017,107.98
4/4/2017,108.04
4/5/2017,107.59
4/6/2017,107.95
4/7/2017,107.87
4/10/2017,107.99
4/11/2017,107.96
4/12/2017,107.46
4/13/2017,106.68
4/14/2017,.
4/17/2017,107.63
4/18/2017,107.4
4/19/2017,107.3
4/20/2017,108.15
4/21/2017,107.83
4/24/2017,109
4/25/2017,109.71
4/26/2017,109.73
4/27/2017,109.78
4/28/2017,109.46
5/1/2017,109.71
5/2/2017,109.73
5/3/2017,109.45
5/4/2017,109.41
5/5/2017,109.96
5/8/2017,109.89
5/9/2017,109.79
5/10/2017,110.04
5/11/2017,109.74
5/12/2017,109.54
5/15/2017,110.12
5/16/2017,110.05
5/17/2017,107.99
5/18/2017,108.43
5/19/2017,109.2
5/22/2017,109.8
5/23/2017,110
5/24/2017,110.29
5/25/2017,110.71
5/26/2017,110.75
5/29/2017,.
5/30/2017,110.52
5/31/2017,110.5
6/1/2017,111.53
6/2/2017,111.92
6/5/2017,111.72
6/6/2017,111.41
6/7/2017,111.56
6/8/2017,111.74
6/9/2017,111.64
6/12/2017,111.55
6/13/2017,112.15
6/14/2017,111.96
6/15/2017,111.64
6/16/2017,111.62
6/19/2017,112.53
6/20/2017,111.7
6/21/2017,111.61
6/22/2017,111.65
6/23/2017,111.97
6/26/2017,112.07
6/27/2017,111.13
6/28/2017,112.23
6/29/2017,111.31
6/30/2017,111.48
7/3/2017,111.79
7/4/2017,.
7/5/2017,111.83
7/6/2017,110.74
7/7/2017,111.5
7/10/2017,111.51
7/11/2017,111.52
7/12/2017,112.35
7/13/2017,112.55
7/14/2017,113.07
7/17/2017,113.1
7/18/2017,113.14
7/19/2017,113.81
7/20/2017,113.79
7/21/2017,113.71
7/24/2017,113.69
7/25/2017,114.11
7/26/2017,114.07
7/27/2017,113.9
7/28/2017,113.72
7/31/2017,113.61
8/1/2017,113.9
8/2/2017,113.77
8/3/2017,113.52
8/4/2017,113.78
8/7/2017,113.94
8/8/2017,113.62
8/9/2017,113.48
8/10/2017,111.82
8/11/2017,111.99
8/14/2017,113.16
8/15/2017,113
8/16/2017,113.2
8/17/2017,111.45
8/18/2017,111.27
8/21/2017,111.36
8/22/2017,112.5
8/23/2017,112.21
8/24/2017,112.06
8/25/2017,112.28
8/28/2017,112.34
8/29/2017,112.44
8/30/2017,113.05
8/31/2017,113.78
9/1/2017,114.08
9/4/2017,.
9/5/2017,113.17
9/6/2017,113.49
9/7/2017,113.44
9/8/2017,113.26
9/11/2017,114.48
9/12/2017,114.91
9/13/2017,115.02
9/14/2017,114.93
9/15/2017,115.13
9/18/2017,115.36
9/19/2017,115.48
9/20/2017,115.63
9/21/2017,115.3
9/22/2017,115.43
9/25/2017,115.2
9/26/2017,115.27
9/27/2017,115.91
9/28/2017,116.08
9/29/2017,116.5
10/2/2017,117.04
10/3/2017,117.33
10/4/2017,117.42
10/5/2017,118.06
10/6/2017,117.96
10/9/2017,117.71
10/10/2017,117.99
10/11/2017,118.19
10/12/2017,118.01
10/13/2017,118.07
10/16/2017,118.24
10/17/2017,118.24
10/18/2017,118.34
10/19/2017,118.35
10/20/2017,118.96
10/23/2017,118.41
10/24/2017,118.6
10/25/2017,118
10/26/2017,118.2
10/27/2017,119.18
10/30/2017,118.68
10/31/2017,118.95
11/1/2017,119.04
11/2/2017,119.08
11/3/2017,119.41
11/6/2017,119.59
11/7/2017,119.41
11/8/2017,119.57
11/9/2017,119.1
11/10/2017,119.1
11/13/2017,119.19
11/14/2017,118.9
11/15/2017,118.29
11/16/2017,119.44
11/17/2017,119.28
11/20/2017,119.51
11/21/2017,120.3
11/22/2017,120.25
11/23/2017,.
11/24/2017,120.49
11/27/2017,120.38
11/28/2017,121.58
11/29/2017,121.56
11/30/2017,122.52
12/1/2017,122.32
12/4/2017,122.15
12/5/2017,121.62
12/6/2017,121.51
12/7/2017,122.04
12/8/2017,122.66
12/11/2017,123
12/12/2017,123.11
12/13/2017,123.13
12/14/2017,122.6
12/15/2017,123.69
12/18/2017,124.51
12/19/2017,124.05
12/20/2017,124.01
12/21/2017,124.31
12/22/2017,124.26
12/25/2017,.
12/26/2017,124.21
12/27/2017,124.29
12/28/2017,124.59
12/29/2017,123.92
1/1/2018,.
1/2/2018,124.96
1/3/2018,125.72
1/4/2018,126.17
1/5/2018,126.95
1/8/2018,127.22
1/9/2018,127.37
1/10/2018,127.25
1/11/2018,128.33
1/12/2018,129.1
1/15/2018,.
1/16/2018,128.5
1/17/2018,129.67
1/18/2018,129.4
1/19/2018,130.15
1/22/2018,131.23
1/23/2018,131.59
1/24/2018,131.41
1/25/2018,131.48
1/26/2018,132.89
1/29/2018,131.97
1/30/2018,130.59
1/31/2018,130.56
2/1/2018,130.56
2/2/2018,127.84
2/5/2018,122.78
2/6/2018,124.76
2/7/2018,124.29
2/8/2018,119.77
2/9/2018,121.4
2/12/2018,123.04
2/13/2018,123.43
2/14/2018,125.21
2/15/2018,126.69
2/16/2018,126.75
2/19/2018,.
2/20/2018,125.95
2/21/2018,125.34
2/22/2018,125.39
2/23/2018,127.31
2/26/2018,128.68
2/27/2018,127.03
2/28/2018,125.66
3/1/2018,124.22
3/2/2018,125.02
3/5/2018,126.38
3/6/2018,126.84
3/7/2018,126.94
3/8/2018,127.42
3/9/2018,129.54
3/12/2018,129.49
3/13/2018,128.67
3/14/2018,128.02
3/15/2018,127.75
3/16/2018,128.12
3/19/2018,126.35
3/20/2018,126.51
3/21/2018,126.42
3/22/2018,123.33
3/23/2018,120.8
3/26/2018,123.91
3/27/2018,121.7
3/28/2018,121.4
3/29/2018,123.05
3/30/2018,.
4/2/2018,120.31
4/3/2018,121.77
4/4/2018,123.17
4/5/2018,124.08
4/6/2018,121.46
4/9/2018,121.79
4/10/2018,123.87
4/11/2018,123.34
4/12/2018,124.28
4/13/2018,123.84
4/16/2018,124.91
4/17/2018,126.29
4/18/2018,126.45
4/19/2018,125.81
4/20/2018,124.83
4/23/2018,124.81
4/24/2018,123.24
4/25/2018,123.38
4/26/2018,124.59
4/27/2018,124.66
4/30/2018,123.71
5/1/2018,124.03
5/2/2018,123.27
5/3/2018,122.97
5/4/2018,124.55
5/7/2018,125.07
5/8/2018,125.13
5/9/2018,126.27
5/10/2018,127.35
5/11/2018,127.57
5/14/2018,127.62
5/15/2018,126.9
5/16/2018,127.52
5/17/2018,127.55
5/18/2018,127.28
5/21/2018,128.2
5/22/2018,127.7
5/23/2018,128.09
5/24/2018,127.85
5/25/2018,127.59
5/28/2018,.
5/29/2018,126.37
5/30/2018,128.04
5/31/2018,127.18
6/1/2018,128.49
6/4/2018,129.13
6/5/2018,129.33
6/6/2018,130.4
6/7/2018,130.26
6/8/2018,130.67
6/11/2018,130.85
6/12/2018,131.17
6/13/2018,130.66
6/14/2018,131.07
6/15/2018,130.95
6/18/2018,130.88
6/19/2018,130.4
6/20/2018,130.75
6/21/2018,129.83
6/22/2018,130.02
6/25/2018,128.13
6/26/2018,128.5
6/27/2018,127.23
6/28/2018,127.99
6/29/2018,128.11
7/2/2018,128.53
7/3/2018,128.03
7/4/2018,.
7/5/2018,129.16
7/6/2018,130.29
7/9/2018,131.43
7/10/2018,131.72
7/11/2018,130.82
7/12/2018,131.98
7/13/2018,132.1
7/16/2018,131.88
7/17/2018,132.43
7/18/2018,132.78
7/19/2018,132.44
7/20/2018,132.25
7/23/2018,132.45
7/24/2018,132.71
7/25/2018,133.82
7/26/2018,133.53
7/27/2018,132.42
7/30/2018,131.57
7/31/2018,132.31
8/1/2018,132.18
8/2/2018,133.07
8/3/2018,133.52
8/6/2018,134.15
8/7/2018,134.51
8/8/2018,134.47
8/9/2018,134.45
8/10/2018,133.66
8/13/2018,133.05
8/14/2018,133.97
8/15/2018,132.82
8/16/2018,133.94
8/17/2018,134.4
8/20/2018,134.78
8/21/2018,135.17
8/22/2018,135.23
8/23/2018,134.97
8/24/2018,135.8
8/27/2018,136.76
8/28/2018,136.77
8/29/2018,137.5
8/30/2018,136.95
8/31/2018,137.04
9/3/2018,.
9/4/2018,136.84
9/5/2018,136.35
9/6/2018,135.8
9/7/2018,135.49
9/10/2018,135.82
9/11/2018,136.33
9/12/2018,136.4
9/13/2018,137.01
9/14/2018,137.15
9/17/2018,136.23
9/18/2018,136.95
9/19/2018,136.98
9/20/2018,138.04
9/21/2018,137.86
9/24/2018,137.36
9/25/2018,137.3
9/26/2018,136.72
9/27/2018,137.11
9/28/2018,137.15
10/1/2018,137.35
10/2/2018,137.05
10/3/2018,137.31
10/4/2018,136.04
10/5/2018,135.22
10/8/2018,135.05
10/9/2018,134.84
10/10/2018,130.44
10/11/2018,127.88
10/12/2018,129.57
10/15/2018,129.02
10/16/2018,131.91
10/17/2018,131.79
10/18/2018,129.83
10/19/2018,129.57
10/22/2018,129.04
10/23/2018,128.29
10/24/2018,124.2
10/25/2018,126.56
10/26/2018,124.43
10/29/2018,123.54
10/30/2018,125.55
10/31/2018,126.97
11/1/2018,128.57
11/2/2018,127.88
11/5/2018,128.46
11/6/2018,129.21
11/7/2018,131.87
11/8/2018,131.53
11/9/2018,130.21
11/12/2018,127.65
11/13/2018,127.48
11/14/2018,126.54
11/15/2018,127.97
11/16/2018,128.2
11/19/2018,125.91
11/20/2018,123.65
11/21/2018,124.3
11/22/2018,.
11/23/2018,123.63
11/26/2018,125.57
11/27/2018,125.69
11/28/2018,128.64
11/29/2018,128.4
11/30/2018,129.4
12/3/2018,130.86
12/4/2018,126.45
12/5/2018,.
12/6/2018,126.39
12/7/2018,123.53
12/10/2018,123.6
12/11/2018,123.52
12/12/2018,124.26
12/13/2018,124
12/14/2018,121.78
12/17/2018,119.11
12/18/2018,119.1
12/19/2018,117.27
12/20/2018,115.36
12/21/2018,112.89
12/24/2018,109.99
12/25/2018,.
12/26/2018,115.52
12/27/2018,116.37
12/28/2018,116.36
12/31/2018,117.37
1/1/2019,.
1/2/2019,117.58
1/3/2019,114.89
1/4/2019,118.9
1/7/2019,120.05
1/8/2019,121.34
1/9/2019,121.95
1/10/2019,122.46
1/11/2019,122.47
1/14/2019,121.77
1/15/2019,123.05
1/16/2019,123.42
1/17/2019,124.38
1/18/2019,125.98
1/21/2019,.
1/22/2019,124.15
1/23/2019,124.34
1/24/2019,124.65
1/25/2019,125.82
1/28/2019,124.93
1/29/2019,124.71
1/30/2019,126.58
1/31/2019,127.75
2/1/2019,127.93
2/4/2019,128.87
2/5/2019,129.47
2/6/2019,129.16
2/7/2019,128.02
2/8/2019,128.15
2/11/2019,128.36
2/12/2019,130.01
2/13/2019,130.41
2/14/2019,130.2
2/15/2019,131.63
2/18/2019,.
2/19/2019,131.9
2/20/2019,132.12
2/21/2019,131.65
2/22/2019,132.51
2/25/2019,132.68
2/26/2019,132.47
2/27/2019,132.56
2/28/2019,132.2
3/1/2019,133.12
3/4/2019,132.49
3/5/2019,132.31
3/6/2019,131.23
3/7/2019,130.23
3/8/2019,129.96
3/11/2019,131.92
3/12/2019,132.27
3/13/2019,133.15
3/14/2019,133.06
3/15/2019,133.66
3/18/2019,134.25
3/19/2019,134.15
3/20/2019,133.7
3/21/2019,135.21
3/22/2019,132.38
3/25/2019,132.3
3/26/2019,133.31
3/27/2019,132.66
3/28/2019,133.22
3/29/2019,134.07
4/1/2019,135.63
4/2/2019,135.62
4/3/2019,135.97
4/4/2019,136.2
4/5/2019,136.94
4/8/2019,137.05
4/9/2019,136.17
4/10/2019,136.86
4/11/2019,136.89
4/12/2019,137.79
4/15/2019,137.66
4/16/2019,137.74
4/17/2019,137.27
4/18/2019,137.45
4/19/2019,.
4/22/2019,137.58
4/23/2019,138.92
4/24/2019,138.68
4/25/2019,138.5
4/26/2019,139.25
4/29/2019,139.47
4/30/2019,139.45
5/1/2019,138.4
5/2/2019,138.17
5/3/2019,139.71
5/6/2019,139.19
5/7/2019,136.87
5/8/2019,136.61
5/9/2019,136.26
5/10/2019,136.8
5/13/2019,133.31
5/14/2019,134.51
5/15/2019,135.32
5/16/2019,136.54
5/17/2019,135.6
5/20/2019,134.67
5/21/2019,135.91
5/22/2019,135.41
5/23/2019,133.61
5/24/2019,133.92
5/27/2019,.
5/28/2019,132.87
5/29/2019,131.92
5/30/2019,132.11
5/31/2019,130.39
6/3/2019,129.97
6/4/2019,132.86
6/5/2019,133.78
6/6/2019,134.49
6/7/2019,135.86
6/10/2019,136.57
6/11/2019,136.46
6/12/2019,136.23
6/13/2019,136.92
6/14/2019,136.57
6/17/2019,136.81
6/18/2019,138.16
6/19/2019,138.62
6/20/2019,139.85
6/21/2019,139.53
6/24/2019,139.04
6/25/2019,137.71
6/26/2019,137.55
6/27/2019,138.4
6/28/2019,139.34
7/1/2019,140.33
7/2/2019,140.63
7/3/2019,141.78
7/4/2019,.
7/5/2019,141.65
7/8/2019,140.89
7/9/2019,141.18
7/10/2019,141.79
7/11/2019,141.99
7/12/2019,142.72
7/15/2019,142.69
7/16/2019,142.26
7/17/2019,141.37
7/18/2019,141.83
7/19/2019,141
7/22/2019,141.37
7/23/2019,142.3
7/24/2019,143.22
7/25/2019,142.34
7/26/2019,143.5
7/29/2019,143.04
7/30/2019,142.88
7/31/2019,141.4
8/1/2019,140
8/2/2019,138.83
8/5/2019,134.66
8/6/2019,136.35
8/7/2019,136.48
8/8/2019,139.16
8/9/2019,138.11
8/12/2019,136.37
8/13/2019,138.29
8/14/2019,134.3
8/15/2019,134.56
8/16/2019,136.61
8/19/2019,138.2
8/20/2019,137.18
8/21/2019,138.31
8/22/2019,138.21
8/23/2019,134.59
8/26/2019,136.03
8/27/2019,135.4
8/28/2019,136.32
8/29/2019,138.13
8/30/2019,138.21
9/2/2019,.
9/3/2019,137.15
9/4/2019,138.64
9/5/2019,140.49
9/6/2019,140.45
9/9/2019,140.59
9/10/2019,140.79
9/11/2019,141.98
9/12/2019,142.28
9/13/2019,142.22
9/16/2019,142.01
9/17/2019,142.3
9/18/2019,142.22
9/19/2019,142.17
9/20/2019,141.53
9/23/2019,141.51
9/24/2019,140.12
9/25/2019,141.06
9/26/2019,140.55
9/27/2019,139.7
9/30/2019,140.39
10/1/2019,138.59
10/2/2019,136.28
10/3/2019,137.41
10/4/2019,139.23
10/7/2019,138.69
10/8/2019,136.51
10/9/2019,137.71
10/10/2019,138.5
10/11/2019,140.14
10/14/2019,139.9
10/15/2019,141.28
10/16/2019,140.95
10/17/2019,141.47
10/18/2019,140.88
10/21/2019,141.89
10/22/2019,141.4
10/23/2019,141.77
10/24/2019,142.13
10/25/2019,142.76
10/28/2019,143.57
10/29/2019,143.43
10/30/2019,143.84
10/31/2019,143.31
11/1/2019,144.81
11/4/2019,145.36
11/5/2019,145.21
11/6/2019,145.13
11/7/2019,145.59
11/8/2019,146.02
11/11/2019,145.75
11/12/2019,145.95
11/13/2019,146
11/14/2019,146.14
11/15/2019,147.24
11/18/2019,147.28
11/19/2019,147.33
11/20/2019,146.87
11/21/2019,146.61
11/22/2019,146.95
11/25/2019,148.27
11/26/2019,148.59
11/27/2019,149.25
11/28/2019,.
11/29/2019,148.62
12/2/2019,147.28
12/3/2019,146.38
12/4/2019,147.26
12/5/2019,147.44
12/6/2019,148.75
12/9/2019,148.34
12/10/2019,148.22
12/11/2019,148.59
12/12/2019,149.81
12/13/2019,149.76
12/16/2019,150.87
12/17/2019,150.98
12/18/2019,151.02
12/19/2019,151.7
12/20/2019,152.44
12/23/2019,152.58
12/24/2019,152.6
12/25/2019,.
12/26/2019,153.37
12/27/2019,153.24
12/30/2019,152.4
12/31/2019,152.86
1/1/2020,.
1/2/2020,154.07
1/3/2020,153.16
1/6/2020,153.72
1/7/2020,153.38
1/8/2020,154.07
1/9/2020,155.02
1/10/2020,154.57
1/13/2020,155.74
1/14/2020,155.67
1/15/2020,155.97
1/16/2020,157.34
1/17/2020,157.76
1/20/2020,.
1/21/2020,157.3
1/22/2020,157.36
1/23/2020,157.53
1/24/2020,156.03
1/27/2020,153.65
1/28/2020,155.18
1/29/2020,155.02
1/30/2020,155.5
1/31/2020,152.82
2/3/2020,154.07
2/4/2020,156.45
2/5/2020,157.91
2/6/2020,158.35
2/7/2020,157.53
2/10/2020,158.67
2/11/2020,159.15
2/12/2020,160.24
2/13/2020,160.13
2/14/2020,160.42
2/17/2020,.
2/18/2020,160.13
2/19/2020,160.95
2/20/2020,160.49
2/21/2020,158.78
2/24/2020,153.54
2/25/2020,148.81
2/26/2020,147.97
2/27/2020,141.68
2/28/2020,140.48
3/2/2020,146.51
3/3/2020,142.57
3/4/2020,148.23
3/5/2020,143.3
3/6/2020,140.68
3/9/2020,129.58
3/10/2020,135.71
3/11/2020,128.77
3/12/2020,116.25
3/13/2020,126.71
3/16/2020,111.2
3/17/2020,117.57
3/18/2020,110.8
3/19/2020,112.36
3/20/2020,107.79
3/23/2020,104.9
3/24/2020,114.62
3/25/2020,116.19
3/26/2020,123.23
3/27/2020,119.1
3/30/2020,122.75
3/31/2020,121.01
4/1/2020,115.46
4/2/2020,117.76
4/3/2020,115.82
4/6/2020,124
4/7/2020,123.95
4/8/2020,128.35
4/9/2020,130.61
4/10/2020,.
4/13/2020,129.25
4/14/2020,133.15
4/15/2020,130.16
4/16/2020,130.85
4/17/2020,134.48
4/20/2020,132.26
4/21/2020,128.28
4/22/2020,131.22
4/23/2020,131.39
4/24/2020,133.21
4/27/2020,135.58
4/28/2020,135.04
4/29/2020,139
4/30/2020,137.35
5/1/2020,133.32
5/4/2020,133.99
5/5/2020,135.24
5/6/2020,134.44
5/7/2020,136.25
5/8/2020,138.88
5/11/2020,138.87
5/12/2020,135.9
5/13/2020,133.28
5/14/2020,134.77
5/15/2020,135.51
5/18/2020,140.05
5/19/2020,138.65
5/20/2020,141.14
5/21/2020,140.21
5/22/2020,140.65
5/25/2020,.
5/26/2020,142.54
5/27/2020,144.74
5/28/2020,144.18
5/29/2020,144.97
6/1/2020,145.82
6/2/2020,147.03
6/3/2020,149.22
6/4/2020,148.71
6/5/2020,152.51
6/8/2020,154.7
6/9/2020,153.27
6/10/2020,152.24
6/11/2020,143.19
6/12/2020,145.18
6/15/2020,146.78
6/16/2020,149.52
6/17/2020,148.85
6/18/2020,149.06
6/19/2020,148.33
6/22/2020,149.31
6/23/2020,149.9
6/24/2020,145.96
6/25/2020,147.6
6/26/2020,143.98
6/29/2020,146.17
6/30/2020,148.46
7/1/2020,149.18
7/2/2020,149.86
7/3/2020,.
7/6/2020,152.22
7/7/2020,150.62
7/8/2020,151.92
7/9/2020,151.07
7/10/2020,152.74
7/13/2020,150.89
7/14/2020,152.9
7/15/2020,154.68
7/16/2020,154.08
7/17/2020,154.56
7/20/2020,156.02
7/21/2020,156.28
7/22/2020,157.09
7/23/2020,155.24
7/24/2020,154.09
7/27/2020,155.42
7/28/2020,154.31
7/29/2020,156.45
7/30/2020,155.96
7/31/2020,156.91
8/3/2020,158.31
8/4/2020,158.94
8/5/2020,160.13
8/6/2020,160.99
8/7/2020,161.08
8/10/2020,161.49
8/11/2020,160.13
8/12/2020,162.32
8/13/2020,162.21
8/14/2020,162.15
8/17/2020,162.88
8/18/2020,163.19
8/19/2020,162.51
8/20/2020,163.05
8/21/2020,163.45
8/24/2020,164.98
8/25/2020,165.53
8/26/2020,167.1
8/27/2020,167.46
8/28/2020,168.68
8/31/2020,168.54
9/1/2020,170.08
9/2/2020,172.27
9/3/2020,166.07
9/4/2020,164.64
9/7/2020,.
9/8/2020,159.93
9/9/2020,163.19
9/10/2020,160.54
9/11/2020,160.44
9/14/2020,163.01
9/15/2020,163.95
9/16/2020,163.38
9/17/2020,161.93
9/18/2020,160.43
9/21/2020,158.57
9/22/2020,160.22
9/23/2020,156.26
9/24/2020,156.63
9/25/2020,159.33
9/28/2020,161.98
9/29/2020,161.28
9/30/2020,162.49
10/1/2020,163.86
10/2/2020,162.46
10/5/2020,165.52
10/6/2020,163.44
10/7/2020,166.3
10/8/2020,167.73
10/9/2020,169.2
10/12/2020,171.75
10/13/2020,170.96
10/14/2020,169.82
10/15/2020,169.72
10/16/2020,169.57
10/19/2020,166.99
10/20/2020,167.59
10/21/2020,167.05
10/22/2020,168.17
10/23/2020,168.8
10/26/2020,165.65
10/27/2020,165.22
10/28/2020,159.59
10/29/2020,161.39
10/30/2020,159.09
11/2/2020,161
11/3/2020,164.12
11/4/2020,167.68
11/5/2020,171.13
11/6/2020,171.1
11/9/2020,172.71
11/10/2020,172.54
11/11/2020,174.01
11/12/2020,172.36
11/13/2020,174.67
11/16/2020,176.86
11/17/2020,176.52
11/18/2020,174.82
11/19/2020,175.84
11/20/2020,174.92
11/23/2020,176.34
11/24/2020,179.08
11/25/2020,179.14
11/26/2020,.
11/27/2020,179.85
11/30/2020,178.85
12/1/2020,180.57
12/2/2020,180.72
12/3/2020,181.13
12/4/2020,183.03
12/7/2020,182.98
12/8/2020,183.8
12/9/2020,181.96
12/10/2020,182.34
12/11/2020,182.01
12/14/2020,181.49
12/15/2020,183.88
12/16/2020,184.12
12/17/2020,185.56
12/18/2020,185.15
12/21/2020,184.69
12/22/2020,184.79
12/23/2020,184.97
12/24/2020,185.39
12/25/2020,.
12/28/2020,186.25
12/29/2020,185.51
12/30/2020,186.01
12/31/2020,186.76
1/1/2021,.
1/4/2021,184.1
1/5/2021,185.66
1/6/2021,187.11
1/7/2021,190.3
1/8/2021,191.25
1/11/2021,190.18
1/12/2021,190.87
1/13/2021,191.02
1/14/2021,190.85
1/15/2021,189.36
1/18/2021,.
1/19/2021,190.99
1/20/2021,193.38
1/21/2021,193.29
1/22/2021,193.17
1/25/2021,193.79
1/26/2021,193.26
1/27/2021,188.47
1/28/2021,190.1
1/29/2021,186.66
2/1/2021,189.87
2/2/2021,192.63
2/3/2021,192.97
2/4/2021,195.29
2/5/2021,196.42
2/8/2021,198.23
2/9/2021,198.34
2/10/2021,198.28
2/11/2021,198.63
2/12/2021,199.59
2/15/2021,.
2/16/2021,199.28
2/17/2021,198.84
2/18/2021,197.63
2/19/2021,197.99
2/22/2021,195.96
2/23/2021,195.81
2/24/2021,198.08
2/25/2021,192.73
2/26/2021,192.18
3/1/2021,197.07
3/2/2021,195.18
3/3/2021,192.13
3/4/2021,189.06
3/5/2021,192.49
3/8/2021,191.31
3/9/2021,194.57
3/10/2021,195.9
3/11/2021,198.62
3/12/2021,198.92
3/15/2021,200.34
3/16/2021,199.48
3/17/2021,200.15
3/18/2021,196.45
3/19/2021,196.8
3/22/2021,197.88
3/23/2021,195.61
3/24/2021,193.73
3/25/2021,195.03
3/26/2021,198.13
3/29/2021,197.19
3/30/2021,197.12
3/31/2021,198.28
4/1/2021,200.84
4/2/2021,.
4/5/2021,203.36
4/6/2021,203.41
4/7/2021,203.24
4/8/2021,204.42
4/9/2021,205.7
4/12/2021,205.63
4/13/2021,206.46
4/14/2021,205.77
4/15/2021,208.01
4/16/2021,208.58
4/19/2021,207.15
4/20/2021,205.35
4/21/2021,207.56
4/22/2021,206
4/23/2021,208.54
4/26/2021,209.37
4/27/2021,209.37
4/28/2021,209.27
4/29/2021,210.21
4/30/2021,208.55
5/3/2021,208.86
5/4/2021,207.08
5/5/2021,206.87
5/6/2021,207.9
5/7/2021,209.65
5/10/2021,206.95
5/11/2021,205.54
5/12/2021,200.76
5/13/2021,202.92
5/14/2021,206.55
5/17/2021,206.09
5/18/2021,204.67
5/19/2021,203.98
5/20/2021,206.27
5/21/2021,206.18
5/24/2021,208.24
5/25/2021,207.64
5/26/2021,208.61
5/27/2021,209.17
5/28/2021,209.31
5/31/2021,209.31
6/1/2021,209.55
6/2/2021,209.91
6/3/2021,208.82
6/4/2021,210.66
6/7/2021,211.04
6/8/2021,211.49
6/9/2021,210.89
6/10/2021,211.78
6/11/2021,212.5
6/14/2021,212.82
6/15/2021,212.16
6/16/2021,211.18
6/17/2021,211.11
6/18/2021,208.5
6/21/2021,211.34
6/22/2021,212.47
6/23/2021,212.46
6/24/2021,213.88
6/25/2021,214.6
6/28/2021,214.94
6/29/2021,214.9
